-- Insert data into `users`
INSERT INTO users (username, email, phoneNumber, hasCreditCard, lastCompanionTicketSetDate, companionTicket) VALUES
('john_doe', 'john.doe@example.com', '123-456-7890', TRUE, '2023-01-01', FALSE),
('jane_smith', 'jane.smith@example.com', '098-765-4321', FALSE, '2023-02-01', TRUE),
('alice_jones', 'alice.jones@example.com', '234-567-8901', TRUE, '2023-03-01', FALSE),
('bob_brown', 'bob.brown@example.com', '345-678-9012', FALSE, '2023-04-01', TRUE),
('charlie_black', 'charlie.black@example.com', '456-789-0123', TRUE, '2023-05-01', FALSE),
('mary_wilson', 'mary.wilson@example.com', '567-890-1234', TRUE, '2023-06-01', TRUE),
('david_smith', 'david.smith@example.com', '678-901-2345', FALSE, '2023-07-01', FALSE),
('emily_davis', 'emily.davis@example.com', '789-012-3456', TRUE, '2023-08-01', TRUE),
('michael_jones', 'michael.jones@example.com', '890-123-4567', FALSE, '2023-09-01', FALSE),
('susan_taylor', 'susan.taylor@example.com', '901-234-5678', TRUE, '2023-10-01', TRUE),
('robert_williams', 'robert.williams@example.com', '012-345-6789', FALSE, '2023-11-01', FALSE),
('linda_anderson', 'linda.anderson@example.com', '123-456-7890', TRUE, '2023-12-01', TRUE),
('william_martin', 'william.martin@example.com', '234-567-8901', FALSE, '2024-01-01', FALSE),
('sarah_clark', 'sarah.clark@example.com', '345-678-9012', TRUE, '2024-02-01', TRUE),
('richard_davis', 'richard.davis@example.com', '456-789-0123', FALSE, '2024-03-01', FALSE),
('laura_thompson', 'laura.thompson@example.com', '567-890-1234', TRUE, '2024-04-01', TRUE),
('james_jackson', 'james.jackson@example.com', '678-901-2345', FALSE, '2024-05-01', FALSE),
('elizabeth_harris', 'elizabeth.harris@example.com', '789-012-3456', TRUE, '2024-06-01', TRUE),
('daniel_miller', 'daniel.miller@example.com', '890-123-4567', FALSE, '2024-07-01', FALSE),
('karen_white', 'karen.white@example.com', '901-234-5678', TRUE, '2024-08-01', TRUE),
('thomas_wilson', 'thomas.wilson@example.com', '012-345-6789', FALSE, '2024-09-01', FALSE),
('patricia_martin', 'patricia.martin@example.com', '123-456-7890', TRUE, '2024-10-01', TRUE),
('george_thompson', 'george.thompson@example.com', '234-567-8901', FALSE, '2024-11-01', FALSE),
('karen_jackson', 'karen.jackson@example.com', '345-678-9012', TRUE, '2024-12-01', TRUE),
('thomas_hall', 'thomas.hall@example.com', '456-789-0123', FALSE, '2025-01-01', FALSE);

-- Insert data into `userPasswords`
INSERT INTO userPasswords (userId, passwordHash) VALUES 
(1, 'hashedPasswordJohn123'),
(2, 'hashedPasswordJane456'),
(3, 'hashedPasswordAlice789'),
(4, 'hashedPasswordBob012'),
(5, 'hashedPasswordCharlie345'),
(6, 'hashedPasswordMary678'),
(7, 'hashedPasswordDavid901'),
(8, 'hashedPasswordEmily234'),
(9, 'hashedPasswordMichael567'),
(10, 'hashedPasswordSusan890'),
(11, 'hashedPasswordRobert123'),
(12, 'hashedPasswordLinda456'),
(13, 'hashedPasswordWilliam789'),
(14, 'hashedPasswordSarah012'),
(15, 'hashedPasswordRichard345'),
(16, 'hashedPasswordLaura678'),
(17, 'hashedPasswordJames901'),
(18, 'hashedPasswordElizabeth234'),
(19, 'hashedPasswordDaniel567'),
(20, 'hashedPasswordKaren890'),
(21, 'hashedPasswordThomas123'),
(22, 'hashedPasswordPatricia456'),
(23, 'hashedPasswordGeorge789'),
(24, 'hashedPasswordKaren012'),
(25, 'hashedPasswordThomas345');

-- Insert data into `flightInfo`
INSERT INTO flightInfo (flightId, flightName, destination, origin, departureDate) VALUES 
(101, 'Flight A', 'New York', 'Los Angeles', '2023-12-25'),
(102, 'Flight B', 'San Francisco', 'Chicago', '2023-12-26'),
(103, 'Flight C', 'Toronto', 'Calgary', '2024-01-03'),
(104, 'Flight D', 'Vancouver', 'Edmonton', '2023-01-01'),
(105, 'Flight E', 'Miami', 'Seattle', '2023-01-15'),
(106, 'Flight F', 'London', 'Paris', '2024-02-10'),
(107, 'Flight G', 'Tokyo', 'Sydney', '2024-03-05'),
(108, 'Flight H', 'Dubai', 'Singapore', '2024-04-20'),
(109, 'Flight I', 'Hong Kong', 'Shanghai', '2024-05-15'),
(110, 'Flight J', 'Berlin', 'Rome', '2024-06-30'),
(111, 'Flight K', 'Mumbai', 'Delhi', '2024-07-12'),
(112, 'Flight L', 'Rio de Janeiro', 'Sao Paulo', '2024-08-08'),
(113, 'Flight M', 'Sydney', 'Melbourne', '2024-09-25'),
(114, 'Flight N', 'Cape Town', 'Johannesburg', '2024-10-17'),
(115, 'Flight O', 'Bangkok', 'Seoul', '2024-11-03'),
(116, 'Flight P', 'Beijing', 'Shanghai', '2024-12-15'),
(117, 'Flight Q', 'New Delhi', 'Mumbai', '2025-01-05'),
(118, 'Flight R', 'Paris', 'Amsterdam', '2025-02-14'),
(119, 'Flight S', 'Los Angeles', 'Las Vegas', '2025-03-20'),
(120, 'Flight T', 'Chicago', 'Houston', '2025-04-10'),
(121, 'Flight U', 'San Francisco', 'Portland', '2025-05-28'),
(122, 'Flight V', 'Calgary', 'Toronto', '2025-06-09'),
(123, 'Flight W', 'Seattle', 'Denver', '2025-07-19'),
(124, 'Flight X', 'New York', 'Miami', '2025-08-22'),
(125, 'Flight Y', 'Dallas', 'Atlanta', '2025-09-02');

-- Insert data into `aircrafts`
INSERT INTO aircrafts (aircraftId) VALUES 
(201),
(202),
(203),
(204),
(205);

-- Insert data into `passengers`
INSERT INTO passengers (flightId, name) VALUES 
(101, 'Alice Johnson'),
(102, 'Bob Brown'),
(103, 'Carol White'),
(104, 'Dave Green'),
(105, 'Eve Blue'),
(106, 'Frank Smith'),
(107, 'Grace Davis'),
(108, 'Hank Jones'),
(109, 'Ivy Martin'),
(110, 'Jack Wilson'),
(111, 'Kathy Harris'),
(112, 'Liam Turner'),
(113, 'Mia Martinez'),
(114, 'Noah Clark'),
(115, 'Olivia Lewis'),
(116, 'Peter Lee'),
(117, 'Quinn Scott'),
(118, 'Ruby Walker'),
(119, 'Samuel Allen'),
(120, 'Taylor Wright'),
(121, 'Uma Hall'),
(122, 'Vincent Adams'),
(123, 'Willow Mitchell'),
(124, 'Xavier Scott'),
(125, 'Yara Carter');

-- Insert data into `flightAttendants`
INSERT INTO flightAttendants (FlightAttendantId, username, name) VALUES 
(301, 'attendant1', 'Emma Wilson'),
(302, 'attendant2', 'Liam Smith'),
(303, 'attendant3', 'Olivia Brown'),
(304, 'attendant4', 'Noah Johnson'),
(305, 'attendant5', 'Sophia Davis'),
(306, 'attendant6', 'Jackson Wilson'),
(307, 'attendant7', 'Ava Smith'),
(308, 'attendant8', 'Lucas Brown'),
(309, 'attendant9', 'Ella Johnson'),
(310, 'attendant10', 'William Davis'),
(311, 'attendant11', 'Sophie Martin'),
(312, 'attendant12', 'James Taylor'),
(313, 'attendant13', 'Mia Harris'),
(314, 'attendant14', 'Benjamin Turner'),
(315, 'attendant15', 'Harper Martinez');

-- Insert data into `flightAttendantPasswords`
INSERT INTO flightAttendantPasswords (flightAttendantId, passwordHash) VALUES 
(301, 'attendantHash1'),
(302, 'attendantHash2'),
(303, 'attendantHash3'),
(304, 'attendantHash4'),
(305, 'attendantHash5'),
(306, 'attendantHash6'),
(307, 'attendantHash7'),
(308, 'attendantHash8'),
(309, 'attendantHash9'),
(310, 'attendantHash10'),
(311, 'attendantHash11'),
(312, 'attendantHash12'),
(313, 'attendantHash13'),
(314, 'attendantHash14'),
(315, 'attendantHash15');


-- Insert data into `bookingInfo`
INSERT INTO bookingInfo (flightId, ticketPrice, cancellationInsurance) VALUES 
(101, 200.00, TRUE),
(102, 150.00, FALSE),
(103, 180.00, TRUE),
(104, 170.00, FALSE),
(105, 160.00, TRUE),
(106, 220.00, TRUE),
(107, 190.00, FALSE),
(108, 210.00, TRUE),
(109, 230.00, TRUE),
(110, 240.00, FALSE),
(111, 250.00, TRUE),
(112, 260.00, FALSE),
(113, 270.00, TRUE),
(114, 280.00, TRUE),
(115, 290.00, FALSE),
(116, 300.00, TRUE),
(117, 310.00, FALSE),
(118, 320.00, TRUE),
(119, 330.00, TRUE),
(120, 340.00, FALSE),
(121, 350.00, TRUE),
(122, 360.00, FALSE),
(123, 370.00, TRUE),
(124, 380.00, TRUE),
(125, 390.00, FALSE);

-- Insert data into `admins`
INSERT INTO admins (adminId, username) VALUES 
(401, 'admin1'),
(402, 'admin2'),
(403, 'admin3'),
(404, 'admin4'),
(405, 'admin5');

-- Insert data into `adminPasswords`
INSERT INTO adminPasswords (adminId, passwordHash) VALUES 
(401, 'adminHash1'),
(402, 'adminHash2'),
(403, 'adminHash3'),
(404, 'adminHash4'),
(405, 'adminHash5');

-- Insert data into `seats`
INSERT INTO seats (seatId, type, occupancy, flightId, booked) VALUES 
(501, 1, FALSE, 101, FALSE),
(502, 1, TRUE, 102, FALSE),
(503, 2, FALSE, 103, TRUE),
(504, 2, TRUE, 104, FALSE),
(505, 3, FALSE, 105, TRUE),
(506, 1, FALSE, 101, TRUE),
(507, 1, TRUE, 102, TRUE),
(508, 2, FALSE, 103, FALSE),
(509, 2, TRUE, 104, TRUE),
(510, 3, FALSE, 105, FALSE),
(511, 1, FALSE, 101, FALSE),
(512, 1, TRUE, 102, FALSE),
(513, 2, FALSE, 103, TRUE),
(514, 2, TRUE, 104, FALSE),
(515, 3, FALSE, 105, TRUE),
(516, 1, FALSE, 101, TRUE),
(517, 1, TRUE, 102, TRUE),
(518, 2, FALSE, 103, FALSE),
(519, 2, TRUE, 104, TRUE),
(520, 3, FALSE, 105, FALSE),
(521, 1, FALSE, 101, FALSE),
(522, 1, TRUE, 102, FALSE),
(523, 2, FALSE, 103, TRUE),
(524, 2, TRUE, 104, FALSE),
(525, 3, FALSE, 105, TRUE);
